iter	Poisson
0	0.9577956738
100	0.311618589
200	0.2701857693
249	0.2633644714
